-- phpMyAdmin SQL Dump
-- version 4.7.4
-- https://www.phpmyadmin.net/
--
-- Host: 127.0.0.1:3306
-- Generation Time: Mar 16, 2018 at 03:12 AM
-- Server version: 5.7.19
-- PHP Version: 5.6.31

SET SQL_MODE = "NO_AUTO_VALUE_ON_ZERO";
SET AUTOCOMMIT = 0;
START TRANSACTION;
SET time_zone = "+00:00";


/*!40101 SET @OLD_CHARACTER_SET_CLIENT=@@CHARACTER_SET_CLIENT */;
/*!40101 SET @OLD_CHARACTER_SET_RESULTS=@@CHARACTER_SET_RESULTS */;
/*!40101 SET @OLD_COLLATION_CONNECTION=@@COLLATION_CONNECTION */;
/*!40101 SET NAMES utf8mb4 */;

--
-- Database: `database`
--

-- --------------------------------------------------------

--
-- Table structure for table `building`
--

DROP TABLE IF EXISTS `building`;
CREATE TABLE IF NOT EXISTS `building` (
  `buildingName` varchar(30) NOT NULL,
  `buildingNumberOfEntrances` int(6) NOT NULL,
  `buildingNumberOfFloors` int(6) NOT NULL,
  PRIMARY KEY (`buildingName`),
  KEY `buildingNumberOfEntrances` (`buildingNumberOfEntrances`),
  KEY `buildingNumberOfFloors` (`buildingNumberOfFloors`)
) ENGINE=InnoDB DEFAULT CHARSET=latin1;

--
-- Dumping data for table `building`
--

INSERT INTO `building` (`buildingName`, `buildingNumberOfEntrances`, `buildingNumberOfFloors`) VALUES
('Buckingham', 3, 1),
('Liongate', 2, 2);

-- --------------------------------------------------------

--
-- Table structure for table `elevator`
--

DROP TABLE IF EXISTS `elevator`;
CREATE TABLE IF NOT EXISTS `elevator` (
  `elevatorID` int(6) NOT NULL AUTO_INCREMENT,
  `floorID` int(6) NOT NULL,
  `elevatorStartFloor` int(6) NOT NULL,
  `elevatorEndFloor` int(6) NOT NULL,
  PRIMARY KEY (`elevatorID`),
  KEY `elevatorFK01` (`floorID`)
) ENGINE=InnoDB AUTO_INCREMENT=3 DEFAULT CHARSET=latin1;

--
-- Dumping data for table `elevator`
--

INSERT INTO `elevator` (`elevatorID`, `floorID`, `elevatorStartFloor`, `elevatorEndFloor`) VALUES
(1, 2, 0, 2),
(2, 12, 0, 1);

-- --------------------------------------------------------

--
-- Table structure for table `entrance`
--

DROP TABLE IF EXISTS `entrance`;
CREATE TABLE IF NOT EXISTS `entrance` (
  `entranceID` int(6) NOT NULL AUTO_INCREMENT COMMENT 'primary key',
  `floorID` int(6) NOT NULL COMMENT 'foreign key',
  `entranceDisabled` tinyint(1) NOT NULL,
  PRIMARY KEY (`entranceID`),
  KEY `EntranceFK01` (`floorID`)
) ENGINE=InnoDB AUTO_INCREMENT=6 DEFAULT CHARSET=latin1;

--
-- Dumping data for table `entrance`
--

INSERT INTO `entrance` (`entranceID`, `floorID`, `entranceDisabled`) VALUES
(1, 2, 1),
(2, 2, 1),
(3, 12, 1),
(4, 12, 1),
(5, 12, 1);

-- --------------------------------------------------------

--
-- Table structure for table `floor`
--

DROP TABLE IF EXISTS `floor`;
CREATE TABLE IF NOT EXISTS `floor` (
  `floorID` int(6) NOT NULL AUTO_INCREMENT,
  `buildingName` varchar(30) NOT NULL,
  `floorNumber` int(6) NOT NULL,
  PRIMARY KEY (`floorID`),
  KEY `buildingName` (`buildingName`)
) ENGINE=InnoDB AUTO_INCREMENT=14 DEFAULT CHARSET=latin1;

--
-- Dumping data for table `floor`
--

INSERT INTO `floor` (`floorID`, `buildingName`, `floorNumber`) VALUES
(2, 'Liongate', 0),
(3, 'Liongate', 1),
(4, 'Liongate', 2),
(12, 'Buckingham', 0),
(13, 'Buckingham', 1);

-- --------------------------------------------------------

--
-- Table structure for table `logindetails`
--

DROP TABLE IF EXISTS `logindetails`;
CREATE TABLE IF NOT EXISTS `logindetails` (
  `loginEmail` varchar(50) NOT NULL,
  `loginPassword` varchar(64) NOT NULL,
  `loginUsername` varchar(50) NOT NULL,
  `loginDisabled` tinyint(1) DEFAULT NULL,
  `loginColourBlind` tinyint(1) DEFAULT NULL,
  `loginNeedLageText` tinyint(1) DEFAULT NULL,
  PRIMARY KEY (`loginEmail`),
  UNIQUE KEY `loginUsername` (`loginUsername`),
  KEY `loginPassword` (`loginPassword`)
) ENGINE=InnoDB DEFAULT CHARSET=latin1;

-- --------------------------------------------------------

--
-- Table structure for table `path`
--

DROP TABLE IF EXISTS `path`;
CREATE TABLE IF NOT EXISTS `path` (
  `pathID` int(6) NOT NULL AUTO_INCREMENT,
  `roomID` int(6) DEFAULT NULL,
  `entranceID` int(6) DEFAULT NULL,
  `stairID` int(6) DEFAULT NULL,
  `elevatorID` int(6) DEFAULT NULL,
  `pathCoordinates` varchar(256) NOT NULL,
  PRIMARY KEY (`pathID`),
  KEY `stairID` (`stairID`),
  KEY `entranceID` (`entranceID`),
  KEY `pathFK01` (`roomID`,`entranceID`,`stairID`,`elevatorID`) USING BTREE,
  KEY `elevatorID` (`elevatorID`)
) ENGINE=InnoDB AUTO_INCREMENT=599 DEFAULT CHARSET=latin1;

--
-- Dumping data for table `path`
--

INSERT INTO `path` (`pathID`, `roomID`, `entranceID`, `stairID`, `elevatorID`, `pathCoordinates`) VALUES
(136, NULL, 1, 1, NULL, '374, 207, 374, 130, 400, 130, 400, 118'),
(137, NULL, 1, 2, NULL, '374, 207, 374, 130, 450, 130, 450, 235, 520, 235, 520, 300, 475, 300, 475, 482, 360, 482, 360, 494'),
(138, NULL, 1, NULL, 1, '374, 207, 374, 130, 400, 130, 400, 104, 373, 104'),
(139, 3, 1, NULL, NULL, '374, 207, 374, 130, 450, 130, 450, 235, 520, 235, 520, 300, 475, 300, 475, 482, 500, 482'),
(140, 2, 1, NULL, NULL, '374, 207, 374, 130, 295, 130'),
(141, 1, 1, NULL, NULL, '374, 207, 374, 130, 295, 130, 200, 130, 200, 185, 150, 185'),
(142, NULL, 2, 1, NULL, '360, 440, 360, 482, 475, 482, 475, 300, 520, 300, 520, 235, 450, 235, 450, 130, 400, 130, 400, 118'),
(143, NULL, 2, 2, NULL, '374, 207, 374, 130, 450, 130, 450, 235, 520, 235, 520, 300, 475, 300, 475, 482, 360, 482, 360, 494'),
(144, NULL, 2, NULL, 1, '360, 440, 360, 482, 475, 482, 475, 300, 520, 300, 520, 235, 450, 235, 450, 130, 400, 130, 400, 104, 373, 104\r\n'),
(145, 3, 2, NULL, NULL, '360, 440, 360, 482, 500, 482'),
(146, 2, 2, NULL, NULL, '360, 440, 360, 482, 475, 482, 475, 300, 520, 300, 520, 235, 450, 235, 450, 130, 295, 130 '),
(147, 1, 2, NULL, NULL, '360, 440, 360, 482, 475, 482, 475, 300, 520, 300, 520, 235, 450, 235, 450, 130, 295, 130'),
(150, NULL, NULL, 1, 1, '179, 75, 179, 96, 152, 96'),
(151, 12, NULL, 1, NULL, '179, 75, 179, 96, 226, 96, 226, 123, 319, 123, 319, 486, 306, 486, 306, 500'),
(152, 13, NULL, 1, NULL, '179, 75, 179, 96, 226, 96, 226, 123, 319, 123, 319, 486, 326, 486'),
(153, 14, NULL, 1, NULL, '179, 75, 179, 96, 226, 96, 226, 123, 319, 123, 319, 486, 426, 486, 426, 526, 441, 526'),
(154, 15, NULL, 1, NULL, '179, 75, 179, 96, 226, 96, 226, 123, 319, 123, 319, 407, 364, 407'),
(155, 16, NULL, 1, NULL, '179, 75, 179, 96, 226, 96, 226, 123, 319, 123, 319, 447, 341, 447'),
(156, 22, NULL, 1, NULL, '179, 75, 179, 96, 226, 96, 226, 123, 319, 123, 319, 407, 354, 407, 354, 347, 376, 347'),
(157, 17, NULL, 1, NULL, '179, 75, 179, 96, 226, 96, 226, 123, 319, 123, 319, 256, 340, 256'),
(158, 20, NULL, 1, NULL, '179, 75, 179, 96, 226, 96, 226, 123, 429, 123, 429, 134, 433, 134'),
(159, 19, NULL, 1, NULL, '179, 75, 179, 96, 226, 96, 226, 123, 429, 123, 429, 174, 433, 174'),
(160, 21, NULL, 1, NULL, '179, 75, 179, 96, 226, 96, 226, 123, 429, 123, 429, 119, 433, 119'),
(161, 4, NULL, 1, NULL, '179, 75, 179, 96, 226, 96, 226, 123, 329, 123, 329, 113'),
(162, 5, NULL, 1, NULL, '179, 75, 179, 96, 226, 96, 226, 123, 272, 123, 272, 132'),
(163, 6, NULL, 1, NULL, '179, 75, 179, 96, 226, 96, 226, 123, 319, 123, 319, 213, 295, 213'),
(164, 7, NULL, 1, NULL, '179, 75, 179, 96, 226, 96, 226, 123, 319, 123, 319, 262, 295, 262'),
(165, 8, NULL, 1, NULL, '179, 75, 179, 96, 226, 96, 226, 123, 319, 123, 319, 309, 295, 309'),
(166, 9, NULL, 1, NULL, '179, 75, 179, 96, 226, 96, 226, 123, 319, 123, 319, 352, 295, 352'),
(167, 10, NULL, 1, NULL, '179, 75, 179, 96, 226, 96, 226, 123, 319, 123, 319, 400, 295, 400'),
(168, 11, NULL, 1, NULL, '179, 75, 179, 96, 226, 96, 226, 123, 319, 123, 319, 447, 295, 447'),
(169, NULL, NULL, 2, 1, '180, 494, 180, 486, 319, 486, 319, 123, 226, 123, 226, 96, 179, 96, 152, 96'),
(170, 13, NULL, 2, NULL, '180, 494, 180, 486, 326, 486'),
(171, 14, NULL, 2, NULL, '180, 494, 180, 486, 426, 486, 426, 526, 441, 526'),
(172, 15, NULL, 2, NULL, '180, 494, 180, 486, 319, 486, 319, 407, 364, 407'),
(173, 16, NULL, 2, NULL, '180, 494, 180, 486, 319, 486, 319, 447, 341, 447'),
(174, 22, NULL, 2, NULL, '180, 494, 180, 486, 319, 486, 319, 407, 354, 407, 354, 347, 376, 347'),
(175, 17, NULL, 2, NULL, '180, 494, 180, 486, 319, 486, 319, 256, 340, 256'),
(176, 20, NULL, 2, NULL, '180, 494, 180, 486, 319, 486, 319, 196, 429, 196, 429, 134, 433, 134'),
(177, 19, NULL, 2, NULL, '180, 494, 180, 486, 319, 486, 319, 196, 429, 196, 429, 174, 433, 174'),
(178, 21, NULL, 2, NULL, '180, 494, 180, 486, 319, 486, 319, 196, 429, 196, 429, 119, 433, 119'),
(179, 4, NULL, 2, NULL, '180, 494, 180, 486, 319, 486, 319, 123, 329, 123, 329, 113'),
(180, 5, NULL, 2, NULL, '180, 494, 180, 486, 319, 486, 319, 123, 272, 123, 272, 132'),
(181, 6, NULL, 2, NULL, '180, 494, 180, 486, 319, 486, 319, 213, 295, 213'),
(182, 7, NULL, 2, NULL, '180, 494, 180, 486, 319, 486, 319, 262, 295, 262'),
(183, 8, NULL, 2, NULL, '180, 494, 180, 486, 319, 486, 319, 309, 295, 309'),
(184, 9, NULL, 2, NULL, '180, 494, 180, 486, 319, 486, 319, 352, 295, 352'),
(185, 10, NULL, NULL, NULL, '180, 494, 180, 486, 319, 486, 319, 400, 295, 400'),
(186, 11, NULL, 2, NULL, '180, 494, 180, 486, 319, 486, 319, 447, 295, 447'),
(187, 12, NULL, 2, NULL, '180, 494, 180, 486, 306, 486, 306, 500'),
(229, NULL, NULL, 1, 1, '152, 96, 179, 96, 179, 75'),
(230, NULL, NULL, 2, 1, '152, 96, 226, 96, 226, 123, 319, 123, 319, 486, 180, 486, 180, 494'),
(231, 12, NULL, NULL, 1, '152, 96, 226, 96, 226, 123, 319, 123, 319, 486, 306, 486, 306, 500'),
(232, 13, NULL, NULL, 1, '152, 96, 226, 96, 226, 123, 319, 123, 319, 486, 326, 486'),
(233, 14, NULL, NULL, 1, '152, 96, 226, 96, 226, 123, 319, 123, 319, 486, 426, 486, 426, 526, 441, 526'),
(234, 15, NULL, NULL, 1, '152, 96, 226, 96, 226, 123, 319, 123, 319, 407, 364, 407'),
(235, 16, NULL, NULL, 1, '152, 96, 226, 96, 226, 123, 319, 123, 319, 446, 341, 446'),
(236, 22, NULL, NULL, 1, '152, 96, 226, 96, 226, 123, 319, 123, 319, 407, 354, 407, 354, 347, 376, 347'),
(237, 17, NULL, NULL, 1, '152, 96, 226, 96, 226, 123, 319, 123, 319, 256, 340, 256'),
(238, 20, NULL, NULL, 1, '152, 96, 226, 96, 226, 123, 429, 123, 429, 134, 433, 134'),
(239, 19, NULL, NULL, 1, '152, 96, 226, 96, 226, 123, 429, 123, 429, 174, 433, 174'),
(240, 21, NULL, NULL, 1, '152, 96, 226, 96, 226, 123, 429, 123, 429, 119, 433, 119'),
(241, 4, NULL, NULL, 1, '152, 96, 226, 96, 226, 123, 329, 123, 329, 113'),
(242, 5, NULL, NULL, 1, '152, 96, 226, 96, 226, 123, 272, 123, 272, 132'),
(243, 6, NULL, NULL, 1, '152, 96, 226, 96, 226, 123, 319, 123, 319, 213, 295, 213'),
(244, 7, NULL, NULL, 1, '152, 96, 226, 96, 226, 123, 319, 123, 319, 262, 295, 262'),
(245, 8, NULL, NULL, 1, '152, 96, 226, 96, 226, 123, 319, 123, 319, 309, 295, 309'),
(246, 9, NULL, NULL, 1, '152, 96, 226, 96, 226, 123, 319, 123, 319, 352, 295, 352'),
(247, 10, NULL, NULL, 1, '152, 96, 226, 96, 226, 123, 319, 123, 319, 400, 295, 400'),
(248, 11, NULL, NULL, 1, '152, 96, 226, 96, 226, 123, 319, 123, 319, 447, 295, 447'),
(249, NULL, NULL, 1, 1, '172, 74, 172, 93, 145, 93'),
(250, 23, NULL, 1, NULL, '172, 74, 172, 93, 309, 93, 309, 367, 287, 367'),
(251, 24, NULL, 1, NULL, '172, 74, 172, 93, 309, 93, 309, 274, 287, 274'),
(252, 25, NULL, 1, NULL, '172, 74, 172, 93, 309, 93, 309, 93, 309, 211, 287, 211'),
(253, 26, NULL, 1, NULL, '172, 74, 172, 93, 321, 93, 321, 79'),
(254, 27, NULL, 1, NULL, '172, 74, 172, 93, 309, 93, 309, 133, 333, 133'),
(255, 28, NULL, 1, NULL, '172, 74, 172, 93, 309, 93, 309, 211, 333, 211'),
(256, 29, NULL, 1, NULL, '172, 74, 172, 93, 309, 93, 309, 345, 333, 345'),
(257, 30, NULL, 1, NULL, '172, 74, 172, 93, 309, 93, 309, 483, 333, 483'),
(258, 31, NULL, 1, NULL, '172, 74, 172, 93, 309, 93, 309, 381, 333, 381 '),
(259, NULL, NULL, 2, 1, '172, 494, 172, 483, 309, 483, 309, 93, 145, 93'),
(260, 23, NULL, 2, NULL, '172, 494, 172, 483, 309, 483, 309, 367, 287, 367'),
(261, 24, NULL, 2, NULL, '172, 494, 172, 483, 309, 483, 309, 274, 287, 274'),
(262, 25, NULL, 2, NULL, '172, 494, 172, 483, 309, 483, 309, 211, 287, 211'),
(263, 26, NULL, 2, NULL, '172, 494, 172, 483, 309, 483, 309, 93, 321, 93, 321, 79'),
(264, 27, NULL, 2, NULL, '172, 494, 172, 483, 309, 483, 309, 133, 333, 133'),
(265, 28, NULL, 2, NULL, '172, 494, 172, 483, 309, 483, 309, 211, 333, 211'),
(266, 29, NULL, 2, NULL, '172, 494, 172, 483, 309, 483, 309, 345, 333, 345'),
(267, 30, NULL, 2, NULL, '172, 494, 172, 483, 333, 483'),
(268, 31, NULL, 2, NULL, '172, 494, 172, 483, 309, 483, 309, 381, 333, 381'),
(269, NULL, NULL, 1, 1, '145, 93, 309, 93, 309, 483, 172, 483, 172, 494'),
(270, NULL, NULL, 2, 1, '145, 93, 309, 93, 309, 483, 333, 483'),
(271, 23, NULL, NULL, 1, '145, 93, 309, 93, 309, 367, 287, 367'),
(272, 24, NULL, NULL, 1, '145, 93, 309, 93, 309, 274, 287, 274'),
(273, 25, NULL, NULL, 1, '145, 93, 309, 93, 309, 211, 287, 211'),
(274, 26, NULL, NULL, 1, '145, 93, 321, 93, 321, 79'),
(275, 27, NULL, NULL, 1, '145, 93, 309, 93, 309, 133, 333, 133'),
(276, 28, NULL, NULL, 1, '145, 93, 309, 93, 309, 211, 333, 211'),
(277, 29, NULL, NULL, 1, '145, 93, 309, 93, 309, 345, 333, 345'),
(278, 30, NULL, NULL, 1, '145, 93, 309, 93, 309, 483, 333, 483'),
(279, 31, NULL, NULL, 1, '145, 93, 309, 93, 309, 381, 333, 381'),
(280, 83, 1, NULL, NULL, '374, 207, 374, 130, 450, 130, 450, 235, 520, 235, 520, 300, 475, 300, 475, 482, 401, 482, 401, 469'),
(281, 84, 1, NULL, NULL, '374, 207, 374, 130, 450, 130, 450, 235, 520, 235, 520, 300, 475, 300, 475, 482, 440, 482, 440, 469'),
(282, 85, 1, NULL, NULL, '374, 207, 374, 130, 450, 130, 450, 235, 520, 235, 520, 392, 635, 392'),
(283, 86, 1, NULL, NULL, '374, 207, 374, 130, 450, 130, 450, 235, 520, 235, 520, 265, 635, 265'),
(284, 87, 1, NULL, NULL, '374, 207, 374, 127, 471, 127'),
(285, 83, 2, NULL, NULL, '360, 440, 360, 482, 401, 482, 401, 469\r\n'),
(286, 84, 2, NULL, NULL, '360, 440, 360, 482, 440, 482, 440, 469'),
(287, 85, 2, NULL, NULL, '360, 440, 360, 482, 475, 482, 475, 265, 635, 265'),
(288, 86, 2, NULL, NULL, '360, 440, 360, 482, 475, 482, 475, 392, 635, 392'),
(289, 87, 2, NULL, NULL, '360, 440, 360, 482, 475, 482, 475, 300, 520, 300, 520, 235, 450, 235, 450, 127, 471, 127'),
(404, NULL, NULL, 3, 2, '38,193,57,193,57,220,77,220,77,196'),
(405, 46, NULL, 3, NULL, '38,193,57,193,57,235'),
(406, 47, NULL, 3, NULL, '38,193,57,193,57,225,160,225,160,250'),
(407, 48, NULL, 3, NULL, '38,193,57,193,57,225,174,225,174,250'),
(408, 49, NULL, 3, NULL, '38,193,57,193,57,225,291,225,291,245,257,245,257,248,228,248,228,259'),
(409, 50, NULL, 3, NULL, '38,193,57,193,57,225,291,225,291,260'),
(410, 51, NULL, 3, NULL, '38,193,57,193,57,225,318,225,318,260'),
(411, 52, NULL, 3, NULL, '38,193,57,193,57,225,345,225,345,260'),
(412, 53, NULL, 3, NULL, '38,193,57,193,57,225,372,225,372,260'),
(413, 54, NULL, 3, NULL, '38,193,57,193,57,225,398,225,398,260'),
(414, 55, NULL, 3, NULL, '38,193,57,193,57,225,425,225,425,260'),
(415, 56, NULL, 3, NULL, '38,193,57,193,57,225,425,225,425,247,433,247'),
(416, 57, NULL, 3, NULL, '38,193,57,193,57,225,457,225,457,230,503,230,503,255 '),
(417, 58, NULL, 3, NULL, '38,193,57,193,57,225,457,225,457,230,533,230,533,255'),
(418, 59, NULL, 3, NULL, '38,193,57,193,57,225,457,225,457,230,562,230,562,255'),
(419, 60, NULL, 3, NULL, '38,193,57,193,57,225,457,225,457,230,593,230,593,255'),
(420, 61, NULL, 3, NULL, '38,193,57,193,57,225,457,225,457,210,614,210,614,280'),
(421, 62, NULL, 3, NULL, '38,193,57,193,57,225,457,225,457,210,614,210,614,241,630,241'),
(422, 63, NULL, 3, NULL, '38,193,57,193,57,225,457,225,457,210,625,210,625,212,630,212'),
(423, 64, NULL, 3, NULL, '38,193,57,193,57,225,457,225,457,210,621,210,621,200'),
(424, 65, NULL, 3, NULL, '38,193,57,193,57,225,457,225,457,210,593,210,593,200'),
(425, 66, NULL, 3, NULL, '38,193,57,193,57,225,457,225,457,210,566,210,566,200'),
(426, 67, NULL, 3, NULL, '38,193,57,193,57,225,457,225,457,210,538,210,538,200'),
(427, 68, NULL, 3, NULL, '38,193,57,193,57,225,457,225,457,210,512,210,512,200'),
(428, 69, NULL, 3, NULL, '38,193,57,193,57,225,457,225,457,210,485,210,485,200'),
(429, 70, NULL, 3, NULL, '38,193,57,193,57,225,457,225,457,200'),
(430, 71, NULL, 3, NULL, '38,193,57,193,57,225,428,225,428,200'),
(431, 72, NULL, 3, NULL, '38,193,57,193,57,225,401,225,401,200'),
(432, 73, NULL, 3, NULL, '38,193,57,193,57,225,373,225,373,200'),
(433, 74, NULL, 3, NULL, '38,193,57,193,57,225,348,225,348,200'),
(434, 75, NULL, 3, NULL, '38,193,57,193,57,225,320,225,320,200'),
(435, 76, NULL, 3, NULL, '38,193,57,193,57,225,292,225,292,200'),
(436, 77, NULL, 3, NULL, '38,193,57,193,57,225,255,225,255,213'),
(437, 78, NULL, 3, NULL, '38,193,57,193,57,225,243,225,243,213'),
(438, 79, NULL, 3, NULL, '38,193,57,193,57,225,209,225,209,213'),
(439, 80, NULL, 3, NULL, '38,193,57,193,57,225,197,225,197,213\r\n\r\n'),
(440, 81, NULL, 3, NULL, '38,193,57,193,57,225,163,225,163,213'),
(441, 82, NULL, 3, NULL, '38,193,57,193,57,225,151,225,151,213'),
(442, 88, NULL, 3, NULL, '38,193,57,193,57,225,457,225,457,230,480,230'),
(482, NULL, NULL, 4, 2, '682,227,613,227,613,212,292,212,292,225,78,225,78,195'),
(483, 46, NULL, 4, NULL, '682,227,613,227,613,212,292,212,292,225,55,225,55,24'),
(484, 47, NULL, 4, NULL, '682,227,613,227,613,212,292,212,292,225,160,225,160,243'),
(485, 48, NULL, 4, NULL, '682,227,613,227,613,212,292,212,292,225,174,225,174,243'),
(486, 49, NULL, 4, NULL, '682,227,613,227,613,212,292,212,292,246,260,246,260,248,228,248,228,256'),
(487, 50, NULL, 4, NULL, '682,227,613,227,613,212,292,212,292,257'),
(488, 51, NULL, 4, NULL, '682,227,613,227,613,212,318,212,318,257'),
(489, 52, NULL, 4, NULL, '682,227,613,227,613,212,345,212,345,257'),
(490, 53, NULL, 4, NULL, '682,227,613,227,613,212,372,212,372,257'),
(491, 54, NULL, 4, NULL, '682,227,613,227,613,212,398,212,398,257'),
(492, 55, NULL, 4, NULL, '682,227,613,227,613,212,425,212,425,257'),
(493, 56, NULL, 4, NULL, '682,227,613,227,613,212,425,212,425,247,433,247'),
(494, 88, NULL, 4, NULL, '682,227,613,227,613,212,579,212,579,230'),
(495, 57, NULL, 4, NULL, '682,227,613,227,613,212,579,212,579,230,503,230,503,254'),
(496, 58, NULL, 4, NULL, '682,227,613,227,613,212,579,212,579,230,533,230,533,254'),
(497, 59, NULL, 4, NULL, '682,227,613,227,613,212,579,212,579,230,563,230,563,254'),
(498, 60, NULL, 4, NULL, '682,227,613,227,613,212,579,212,579,230,593,230,593,254'),
(499, 61, NULL, 4, NULL, '682,227,613,227,613,286'),
(500, 62, NULL, 4, NULL, '682,227,615,227,615,241,630,241'),
(501, 63, NULL, 4, NULL, '682,227,613,227,613,212,630,212'),
(502, 64, NULL, 4, NULL, '682,227,613,227,613,212,622,212,622,200'),
(503, 65, NULL, 4, NULL, '682,227,613,227,613,212,592,212,592,198'),
(504, 66, NULL, 4, NULL, '682,227,613,227,613,212,566,212,566,198'),
(505, 67, NULL, 4, NULL, '682,227,613,227,613,212,538,212,538,198'),
(506, 68, NULL, 4, NULL, '682,227,613,227,613,212,512,212,512,198'),
(507, 69, NULL, 4, NULL, '682,227,613,227,613,212,485,212,485,198'),
(508, 70, NULL, 4, NULL, '682,227,613,227,613,212,457,212,457,198'),
(509, 71, NULL, 4, NULL, '682,227,613,227,613,212,428,212,428,198'),
(510, 72, NULL, 4, NULL, '682,227,613,227,613,212,402,212,402,198'),
(511, 73, NULL, 4, NULL, '682,227,613,227,613,212,373,212,373,198'),
(512, 74, NULL, 4, NULL, '682,227,613,227,613,212,347,212,347,198'),
(513, 75, NULL, 4, NULL, '682,227,613,227,613,212,319,212,319,198'),
(514, 76, NULL, 4, NULL, '682,227,613,227,613,212,292,212,292,198'),
(515, 77, NULL, 4, NULL, '682,227,613,227,613,212,292,212,292,225,254,225,254,210'),
(516, 78, NULL, 4, NULL, '682,227,613,227,613,212,292,212,292,225,243,225,243,210'),
(517, 79, NULL, 4, NULL, '682,227,613,227,613,212,292,212,292,225,209,225,209,210'),
(518, 80, NULL, 4, NULL, '682,227,613,227,613,212,292,212,292,225,197,225,197,210'),
(519, 81, NULL, 4, NULL, '682,227,613,227,613,212,292,212,292,225,163,225,163,210'),
(520, 82, NULL, 4, NULL, '682,227,613,227,613,212,292,212,292,225,151,225,151,210'),
(521, NULL, NULL, 3, 2, '78,195,78,225,57,225,57,194,40,194'),
(522, NULL, NULL, 4, 2, '78,195,78,223,457,225,457,210,614,210,614,227,675,227,675,217'),
(561, 46, NULL, NULL, 2, '78,195,78,225,55,225,55,245'),
(562, 47, NULL, NULL, 2, '78,195,78,223,160,223,160,242'),
(563, 48, NULL, NULL, 2, '78,195,78,223,175,223,175,242'),
(564, 49, NULL, NULL, 2, '682,227,613,227,613,212,292,212,292,246,260,246,260,248,228,248,228,256'),
(565, 50, NULL, NULL, 2, '682,227,613,227,613,212,292,212,292,257'),
(566, 51, NULL, NULL, 2, '682,227,613,227,613,212,318,212,318,257'),
(567, 52, NULL, NULL, 2, '682,227,613,227,613,212,345,212,345,257'),
(568, 53, NULL, NULL, 2, '682,227,613,227,613,212,372,212,372,257'),
(569, 54, NULL, NULL, 2, '682,227,613,227,613,212,398,212,398,257'),
(570, 55, NULL, NULL, 2, '682,227,613,227,613,212,425,212,425,257'),
(571, 56, NULL, NULL, 2, '682,227,613,227,613,212,425,212,425,247,433,247'),
(572, 88, NULL, NULL, 2, '682,227,613,227,613,212,579,212,579,230'),
(573, 57, NULL, NULL, 2, '682,227,613,227,613,212,579,212,579,230,503,230,503,254'),
(574, 58, NULL, NULL, 2, '682,227,613,227,613,212,579,212,579,230,533,230,533,254'),
(575, 59, NULL, NULL, 2, '682,227,613,227,613,212,579,212,579,230,563,230,563,254'),
(576, 60, NULL, NULL, 2, '682,227,613,227,613,212,579,212,579,230,593,230,593,254'),
(577, 61, NULL, NULL, 2, '682,227,613,227,613,286'),
(578, 62, NULL, NULL, 2, '682,227,615,227,615,241,630,241'),
(579, 63, NULL, NULL, 2, '682,227,613,227,613,212,630,212'),
(580, 64, NULL, NULL, 2, '682,227,613,227,613,212,622,212,622,200'),
(581, 65, NULL, NULL, 2, '682,227,613,227,613,212,592,212,592,198'),
(582, 66, NULL, NULL, 2, '682,227,613,227,613,212,566,212,566,198'),
(583, 67, NULL, NULL, 2, '682,227,613,227,613,212,538,212,538,198'),
(584, 68, NULL, NULL, 2, '682,227,613,227,613,212,512,212,512,198'),
(585, 69, NULL, NULL, 2, '682,227,613,227,613,212,485,212,485,198'),
(586, 70, NULL, NULL, 2, '682,227,613,227,613,212,457,212,457,198'),
(587, 71, NULL, NULL, 2, '682,227,613,227,613,212,428,212,428,198'),
(588, 72, NULL, NULL, 2, '682,227,613,227,613,212,402,212,402,198'),
(589, 73, NULL, NULL, 2, '682,227,613,227,613,212,373,212,373,198'),
(590, 74, NULL, NULL, 2, '682,227,613,227,613,212,347,212,347,198'),
(591, 75, NULL, NULL, 2, '682,227,613,227,613,212,319,212,319,198'),
(592, 76, NULL, NULL, 2, '682,227,613,227,613,212,292,212,292,198'),
(593, 77, NULL, NULL, 2, '682,227,613,227,613,212,292,212,292,225,254,225,254,210'),
(594, 78, NULL, NULL, 2, '682,227,613,227,613,212,292,212,292,225,243,225,243,210'),
(595, 79, NULL, NULL, 2, '682,227,613,227,613,212,292,212,292,225,209,225,209,210'),
(596, 80, NULL, NULL, 2, '682,227,613,227,613,212,292,212,292,225,197,225,197,210'),
(597, 81, NULL, NULL, 2, '682,227,613,227,613,212,292,212,292,225,163,225,163,210'),
(598, 82, NULL, NULL, 2, '682,227,613,227,613,212,292,212,292,225,151,225,151,210');

-- --------------------------------------------------------

--
-- Table structure for table `room`
--

DROP TABLE IF EXISTS `room`;
CREATE TABLE IF NOT EXISTS `room` (
  `roomID` int(6) NOT NULL AUTO_INCREMENT,
  `floorID` int(6) NOT NULL,
  `roomName` varchar(10) NOT NULL,
  PRIMARY KEY (`roomID`),
  KEY `RoomFK01` (`floorID`) USING BTREE
) ENGINE=InnoDB AUTO_INCREMENT=89 DEFAULT CHARSET=latin1;

--
-- Dumping data for table `room`
--

INSERT INTO `room` (`roomID`, `floorID`, `roomName`) VALUES
(1, 2, '0.14b'),
(2, 2, '0.14a'),
(3, 2, '0.07'),
(4, 3, '1.39'),
(5, 3, '1.43a'),
(6, 3, '1.43b'),
(7, 3, '1.44'),
(8, 3, '1.45'),
(9, 3, '1.46'),
(10, 3, '1.47'),
(11, 3, '1.48'),
(12, 3, '1.07'),
(13, 3, '1.08'),
(14, 3, '1.09'),
(15, 3, '1.10'),
(16, 3, '1.12'),
(17, 3, '1.25'),
(19, 3, '1.34'),
(20, 3, '1.33'),
(21, 3, '1.36'),
(22, 3, '1.22'),
(23, 4, '2.01'),
(24, 4, '2.02'),
(25, 4, '2.03'),
(26, 4, '2.04'),
(27, 4, '2.04a'),
(28, 4, '2.04b'),
(29, 4, '2.04c'),
(30, 4, '2.05'),
(31, 4, '2.06'),
(32, 12, '0.01'),
(33, 12, '0.05'),
(34, 12, '0.06'),
(35, 12, '0.07'),
(36, 12, '0.08'),
(37, 12, '0.11'),
(38, 12, '0.12a'),
(39, 12, '0.12b'),
(40, 12, '0.14'),
(41, 12, '0.15'),
(42, 12, '0.16'),
(43, 12, '0.19'),
(44, 12, '0.20'),
(46, 13, '1.01'),
(47, 13, '1.03'),
(48, 13, '1.04'),
(49, 13, '1.08'),
(50, 13, '1.09'),
(51, 13, '1.10'),
(52, 13, '1.11'),
(53, 13, '1.12'),
(54, 13, '1.13'),
(55, 13, '1.14'),
(56, 13, '1.15'),
(57, 13, '1.17'),
(58, 13, '1.18'),
(59, 13, '1.19'),
(60, 13, '1.20'),
(61, 13, '1.21'),
(62, 13, '1.22'),
(63, 13, '1.23'),
(64, 13, '1.24'),
(65, 13, '1.25'),
(66, 13, '1.26'),
(67, 13, '1.27'),
(68, 13, '1.28'),
(69, 13, '1.29'),
(70, 13, '1.30'),
(71, 13, '1.31'),
(72, 13, '1.32'),
(73, 13, '1.33'),
(74, 13, '1.34'),
(75, 13, '1.35'),
(76, 13, '1.36'),
(77, 13, '1.37'),
(78, 13, '1.38'),
(79, 13, '1.39'),
(80, 13, '1.40a'),
(81, 13, '1.40b'),
(82, 13, '1.41'),
(83, 2, '0.01'),
(84, 2, '0.02'),
(85, 2, '0.08a'),
(86, 2, '0.08c'),
(87, 2, '0.09'),
(88, 13, '1.16');

-- --------------------------------------------------------

--
-- Table structure for table `stair`
--

DROP TABLE IF EXISTS `stair`;
CREATE TABLE IF NOT EXISTS `stair` (
  `stairsID` int(6) NOT NULL AUTO_INCREMENT COMMENT 'primary key',
  `floorID` int(6) NOT NULL COMMENT 'foreign key',
  `stairStartFloor` int(6) NOT NULL,
  `stairEndFloor` int(6) NOT NULL,
  PRIMARY KEY (`stairsID`),
  KEY `StairsFK01` (`floorID`)
) ENGINE=InnoDB AUTO_INCREMENT=5 DEFAULT CHARSET=latin1;

--
-- Dumping data for table `stair`
--

INSERT INTO `stair` (`stairsID`, `floorID`, `stairStartFloor`, `stairEndFloor`) VALUES
(1, 2, 0, 2),
(2, 2, 0, 2),
(3, 12, 0, 1),
(4, 12, 0, 1);

--
-- Constraints for dumped tables
--

--
-- Constraints for table `elevator`
--
ALTER TABLE `elevator`
  ADD CONSTRAINT `elevator_ibfk_1` FOREIGN KEY (`floorID`) REFERENCES `floor` (`floorID`);

--
-- Constraints for table `entrance`
--
ALTER TABLE `entrance`
  ADD CONSTRAINT `entrance_ibfk_1` FOREIGN KEY (`floorID`) REFERENCES `floor` (`floorID`);

--
-- Constraints for table `floor`
--
ALTER TABLE `floor`
  ADD CONSTRAINT `floorPK01` FOREIGN KEY (`buildingName`) REFERENCES `building` (`buildingName`);

--
-- Constraints for table `path`
--
ALTER TABLE `path`
  ADD CONSTRAINT `path_ibfk_1` FOREIGN KEY (`roomID`) REFERENCES `room` (`roomID`),
  ADD CONSTRAINT `path_ibfk_2` FOREIGN KEY (`stairID`) REFERENCES `stair` (`stairsID`),
  ADD CONSTRAINT `path_ibfk_3` FOREIGN KEY (`entranceID`) REFERENCES `entrance` (`entranceID`),
  ADD CONSTRAINT `path_ibfk_4` FOREIGN KEY (`elevatorID`) REFERENCES `elevator` (`elevatorID`);

--
-- Constraints for table `room`
--
ALTER TABLE `room`
  ADD CONSTRAINT `room_ibfk_1` FOREIGN KEY (`floorID`) REFERENCES `floor` (`floorID`);

--
-- Constraints for table `stair`
--
ALTER TABLE `stair`
  ADD CONSTRAINT `stair_ibfk_1` FOREIGN KEY (`floorID`) REFERENCES `floor` (`floorID`);
COMMIT;

/*!40101 SET CHARACTER_SET_CLIENT=@OLD_CHARACTER_SET_CLIENT */;
/*!40101 SET CHARACTER_SET_RESULTS=@OLD_CHARACTER_SET_RESULTS */;
/*!40101 SET COLLATION_CONNECTION=@OLD_COLLATION_CONNECTION */;
